<!--Gateway of Tally @Display @Statement of Accounts....contd-->
<!--Cost Centres @Group Breakup-->

<ENVELOPE>
<HEADER>
<TALLYREQUEST>Export Data</TALLYREQUEST>
</HEADER>
<BODY>
<EXPORTDATA>
<REQUESTDESC>
<STATICVARIABLES>

<!--TO DO-->
<!--Specify the Group Name here-->
<GROUPNAME>Sales Accounts</GROUPNAME>

<!--Specify the Export format here  HTML or XML or SDF-->
<SVEXPORTFORMAT>$$SysName:HTML</SVEXPORTFORMAT>
</STATICVARIABLES>

<!--Specify the Report Name here-->
<REPORTNAME>Group Cost Breakup</REPORTNAME>

</REQUESTDESC>
</EXPORTDATA>
</BODY>
</ENVELOPE>
