<!--Gateway of Tally @Display @Statement of Accounts....contd-->
<!--Cost Centres @Ledger Breakup-->

<ENVELOPE>
<HEADER>
<TALLYREQUEST>Export Data</TALLYREQUEST>
</HEADER>
<BODY>
<EXPORTDATA>
<REQUESTDESC>
<STATICVARIABLES>

<!--TO DO-->
<!--Specify the Ledger Name here-->
<LEDGERNAME>Sales</LEDGERNAME>

<!--Specify the Export format here  HTML or XML or SDF-->
<SVEXPORTFORMAT>$$SysName:HTML</SVEXPORTFORMAT>
</STATICVARIABLES>

<!--Report Name-->
<REPORTNAME>Ledger Cost Breakup</REPORTNAME>

</REQUESTDESC>
</EXPORTDATA>
</BODY>
</ENVELOPE>
